"Address","Occurrences","Indexability","Indexability Status","Canonical Link Element 1","HTTP Canonical","Meta Robots 1","X-Robots-Tag 1","rel=""next"" 1","rel=""prev"" 1","HTTP rel=""next"" 1","HTTP rel=""prev"" 1"
"https://www.veteransplumbingcorp.com/","1","Indexable","","https://www.veteransplumbingcorp.com/","","","","","","",""
"https://www.veteransplumbingcorp.com/contact-us","1","Indexable","","https://www.veteransplumbingcorp.com/contact-us","","","","","","",""
"https://www.veteransplumbingcorp.com/hot-water-heater-meridian","1","Indexable","","https://www.veteransplumbingcorp.com/hot-water-heater-meridian","","","","","","",""
"https://www.veteransplumbingcorp.com/Water-Softener-System","1","Indexable","","https://www.veteransplumbingcorp.com/Water-Softener-System","","","","","","",""
"https://www.veteransplumbingcorp.com/water-softeners-Kuna-id","1","Indexable","","https://www.veteransplumbingcorp.com/water-softeners-Kuna-id","","","","","","",""
"https://www.veteransplumbingcorp.com/Residential-Plumbing-Services","1","Indexable","","https://www.veteransplumbingcorp.com/Residential-Plumbing-Services","","","","","","",""
"https://www.veteransplumbingcorp.com/sitemap","1","Indexable","","https://www.veteransplumbingcorp.com/sitemap","","","","","","",""
"https://www.veteransplumbingcorp.com/water-softener-eagle-idaho","1","Indexable","","https://www.veteransplumbingcorp.com/water-softener-eagle-idaho","","","","","","",""
"https://www.veteransplumbingcorp.com/Tankless-Water-Heater","1","Indexable","","https://www.veteransplumbingcorp.com/Tankless-Water-Heater","","","","","","",""
"https://www.veteransplumbingcorp.com/about-us","1","Indexable","","https://www.veteransplumbingcorp.com/about-us","","","","","","",""
"https://www.veteransplumbingcorp.com/Water-Heater-Replacement","1","Indexable","","https://www.veteransplumbingcorp.com/Water-Heater-Replacement","","","","","","",""
"https://www.veteransplumbingcorp.com/water-softeners-nampa-idaho","1","Indexable","","https://www.veteransplumbingcorp.com/water-softeners-nampa-idaho","","","","","","",""
"https://www.veteransplumbingcorp.com/thank-you","1","Indexable","","https://www.veteransplumbingcorp.com/thank-you","","","","","","",""
"https://www.veteransplumbingcorp.com/privacy-policy","1","Indexable","","https://www.veteransplumbingcorp.com/privacy-policy","","","","","","",""
