"Address","Occurrences","Meta Description 1","Meta Description 1 Length","Meta Description 1 Pixel Width","Indexability","Indexability Status"
"https://www.veteransplumbingcorp.com/","1","Looking for superior plumbing in Boise, Idaho? Visit Veterans Plumbing Corp for more information on  plumber services. Call us at 208-250-2525.","143","887","Indexable",""
"https://www.veteransplumbingcorp.com/contact-us","1","Contact our water softeners Boise experts today to learn more about our services. We look forward on working with you!","118","742","Indexable",""
"https://www.veteransplumbingcorp.com/hot-water-heater-meridian","1","Veterans Plumbing Corp provides hot water heater installation & service in Meridian, Idaho. Visit our website or contact us today for more information.","151","925","Indexable",""
"https://www.veteransplumbingcorp.com/Water-Softener-System","1","Veterans Plumbing Corp is an expert for water softeners installations in Boise, Idaho. Visit us for water softener installation services. Call 208-250-2525.","156","936","Indexable",""
"https://www.veteransplumbingcorp.com/water-softeners-Kuna-id","1","If you need a water softener or water softener service in Kuna, Idaho, visit Veterans Plumbing Corp. Contact us today for information on water softeners!","153","941","Indexable",""
"https://www.veteransplumbingcorp.com/Residential-Plumbing-Services","1","If you are looking for reliable residential plumbing services in Boise, Idaho, call Veterans Plumbing Corp. Visit our website for information on our services.","158","935","Indexable",""
"https://www.veteransplumbingcorp.com/sitemap","1","Sitemap for our Boise Plumbing experts today to learn more about our services. We look forward on working with you!","115","725","Indexable",""
"https://www.veteransplumbingcorp.com/water-softener-eagle-idaho","1","Looking for water softeners & water softener services in Eagle, Idaho? Visit Veterans Plumbing Corp to explore all of our amazing water softener services.","154","944","Indexable",""
"https://www.veteransplumbingcorp.com/Tankless-Water-Heater","1","Veterans Plumbing Corp offers tankless water heater installation, service, & more in Boise, Idaho. For more information, call us today at 208-250-2525.","151","926","Indexable",""
"https://www.veteransplumbingcorp.com/about-us","1","We take pride on having the best Boise water softener in town. Our clients expect only the best results from us. Call us now!","125","757","Indexable",""
"https://www.veteransplumbingcorp.com/Water-Heater-Replacement","1","Looking for a reliable & professional water heater replacement in Boise, Idaho? Visit Veterans Plumbing Corp today for exceptional water heater services.","153","940","Indexable",""
"https://www.veteransplumbingcorp.com/water-softeners-nampa-idaho","1","Veterans Plumbing Corp provides exceptional water softeners in Nampa, Idaho. Visit our website today for more water softener systems & water softener services.","159","1003","Indexable",""
"https://www.veteransplumbingcorp.com/thank-you","1","Thanks from our Boise plumbing experts. Learn more about our services. We look forward on working with you!","107","685","Indexable",""
"https://www.veteransplumbingcorp.com/privacy-policy","1","Privacy Policy for our  Boise Plumbing experts today to learn more about our services. We look forward on working with you!","123","760","Indexable",""
