"Type","Source","Destination","Size (Bytes)"
"Image","https://www.veteransplumbingcorp.com/Tankless-Water-Heater","https://lirp.cdn-website.com/b31f3c1a/dms3rep/multi/opt/tankless+water+heaters+Boise+Idaho-1920w.png","4716128"
"Image","https://www.veteransplumbingcorp.com/Tankless-Water-Heater","https://lirp.cdn-website.com/b31f3c1a/dms3rep/multi/opt/boise+water+heater+installation-d482947a-1920w.png","129868"
"Image","https://www.veteransplumbingcorp.com/Water-Heater-Replacement","https://lirp.cdn-website.com/b31f3c1a/dms3rep/multi/opt/residential+plumbing+services+in+boise+id-1920w.jpg","543345"
"Image","https://www.veteransplumbingcorp.com/Water-Heater-Replacement","https://lirp.cdn-website.com/b31f3c1a/dms3rep/multi/opt/water-heater-installation-Boise-Idaho-1920w.png","1050675"
"Image","https://www.veteransplumbingcorp.com/Water-Heater-Replacement","https://lirp.cdn-website.com/b31f3c1a/dms3rep/multi/opt/water-heater-replacement-boise-ccacf8ce-1920w.png","1701744"
"Image","https://www.veteransplumbingcorp.com/Water-Heater-Replacement","https://lirp.cdn-website.com/b31f3c1a/dms3rep/multi/opt/boise+water+heater+installation+-1920w.png","2045973"
"Image","https://www.veteransplumbingcorp.com/Tankless-Water-Heater","https://lirp.cdn-website.com/b31f3c1a/dms3rep/multi/opt/Tankless-Water-Heater-Installation-Boise-ID-1920w.jpg","277353"
"Image","https://www.veteransplumbingcorp.com/Residential-Plumbing-Services","https://lirp.cdn-website.com/b31f3c1a/dms3rep/multi/opt/residential-plumbing-services-in-boise-id-1920w.jpg","444557"
"Image","https://www.veteransplumbingcorp.com/Water-Softener-System","https://lirp.cdn-website.com/b31f3c1a/dms3rep/multi/opt/water-softener-system-idaho-1920w.jpg","404646"
"Image","https://www.veteransplumbingcorp.com/Water-Softener-System","https://lirp.cdn-website.com/b31f3c1a/dms3rep/multi/opt/Water+Softener+System+Boise+Idaho-1920w.png","2546480"
"Image","https://www.veteransplumbingcorp.com/Water-Softener-System","https://lirp.cdn-website.com/b31f3c1a/dms3rep/multi/opt/boise+water+softener+installation-1920w.png","2085640"
"Image","https://www.veteransplumbingcorp.com/Water-Softener-System","https://lirp.cdn-website.com/b31f3c1a/dms3rep/multi/opt/water-softenerreplacement-boise-1920w.png","1389336"
