"Source","Destination","Alt Text","Anchor","Target","Rel"
"https://www.veteransplumbingcorp.com/","http://www.impactlaytonseo.com/","","Impact Layton SEO |","_blank",""
"https://www.veteransplumbingcorp.com/contact-us","http://www.impactlaytonseo.com/","","Impact Layton SEO |","_blank",""
"https://www.veteransplumbingcorp.com/hot-water-heater-meridian","http://www.impactlaytonseo.com/","","Impact Layton SEO |","_blank",""
"https://www.veteransplumbingcorp.com/Water-Softener-System","http://www.impactlaytonseo.com/","","Impact Layton SEO |","_blank",""
"https://www.veteransplumbingcorp.com/water-softeners-Kuna-id","http://www.impactlaytonseo.com/","","Impact Layton SEO |","_blank",""
"https://www.veteransplumbingcorp.com/Residential-Plumbing-Services","http://www.impactlaytonseo.com/","","Impact Layton SEO |","_blank",""
"https://www.veteransplumbingcorp.com/sitemap","http://www.impactlaytonseo.com/","","Impact Layton SEO |","_blank",""
"https://www.veteransplumbingcorp.com/water-softener-eagle-idaho","http://www.impactlaytonseo.com/","","Impact Layton SEO |","_blank",""
"https://www.veteransplumbingcorp.com/Tankless-Water-Heater","http://www.impactlaytonseo.com/","","Impact Layton SEO |","_blank",""
"https://www.veteransplumbingcorp.com/about-us","http://www.impactlaytonseo.com/","","Impact Layton SEO |","_blank",""
"https://www.veteransplumbingcorp.com/Water-Heater-Replacement","http://www.impactlaytonseo.com/","","Impact Layton SEO |","_blank",""
"https://www.veteransplumbingcorp.com/water-softeners-nampa-idaho","http://www.impactlaytonseo.com/","","Impact Layton SEO |","_blank",""
"https://www.veteransplumbingcorp.com/thank-you","http://www.impactlaytonseo.com/","","Impact Layton SEO |","_blank",""
"https://www.veteransplumbingcorp.com/privacy-policy","https://support.google.com/accounts/answer/61416?co=GENIE.Platform%3DDesktop&hl=en","","https://support.google.com/accounts/answer/61416?co=GENIE.Platform%3DDesktop&hl=en","_blank",""
"https://www.veteransplumbingcorp.com/privacy-policy","https://privacy.microsoft.com/en-us/windows-10-microsoft-edge-and-privacy","","https://privacy.microsoft.com/en-us/windows-10-microsoft-edge-and-privacy","_blank",""
"https://www.veteransplumbingcorp.com/privacy-policy","https://support.mozilla.org/en-US/kb/enable-and-disable-cookies-website-preferences","","https://support.mozilla.org/en-US/kb/enable-and-disable-cookies-website-preferences","_blank",""
"https://www.veteransplumbingcorp.com/privacy-policy","https://support.microsoft.com/en-gb/help/17442/windows-internet-explorer-delete-manage-cookies","","https://support.microsoft.com/en-gb/help/17442/windows-internet-explorer-delete-manage-cookies","_blank",""
"https://www.veteransplumbingcorp.com/privacy-policy","https://www.opera.com/help/tutorials/security/privacy/","","https://www.opera.com/help/tutorials/security/privacy/","_blank",""
"https://www.veteransplumbingcorp.com/privacy-policy","https://support.apple.com/guide/safari/manage-cookies-sfri11471/mac","","https://support.apple.com/guide/safari/manage-cookies-sfri11471/mac","_blank",""
"https://www.veteransplumbingcorp.com/privacy-policy","http://www.allaboutcookies.org/","","http://www.allaboutcookies.org","_blank",""
"https://www.veteransplumbingcorp.com/privacy-policy","http://www.allaboutdnt.com./","","http://www.allaboutdnt.com.","_blank",""
"https://www.veteransplumbingcorp.com/privacy-policy","http://www.impactlaytonseo.com/","","Impact Layton SEO |","_blank",""
